-- Usage: 
-- 1st time install:
-- mysql -uroot -pXXX 
-- GRANT all on design.* to evil@'%' identified by '1';
-- GRANT all on design.* to evil@'localhost' identified by '1';
-- 
-- 2nd time:
-- mysql -uevil -p1 < db-design.sql
--
-- peter note: change password '1' to other password !
-- after this, we may do:
-- mysql -uevil -p1 design
-- or remotely:
-- mysql -uevil -p1 -h192.168.1.30 design

DROP DATABASE IF EXISTS evil_design;

CREATE DATABASE IF NOT EXISTS evil_design CHARACTER SET 'utf8' COLLATE 'utf8_general_ci';
-- 'utf8_bin';
SET NAMES utf8;
SET default_storage_engine=MYISAM;

USE evil_design;

-- ----------- shop ---------

CREATE TABLE design_shop (
	card_id INT UNSIGNED NOT NULL PRIMARY KEY
,	card_buy_gold INT UNSIGNED NOT NULL DEFAULT 200
,	card_sell_gold INT UNSIGNED NOT NULL DEFAULT 100
,	card_buy_crystal INT UNSIGNED NOT NULL DEFAULT 20
,	card_sell_crystal INT UNSIGNED NOT NULL DEFAULT 15
,	piece_buy_gold INT UNSIGNED NOT NULL DEFAULT 0
,	piece_sell_gold INT UNSIGNED NOT NULL DEFAULT 10
,	piece_buy_crystal INT UNSIGNED NOT NULL DEFAULT 2
,	piece_sell_crystal INT UNSIGNED NOT NULL DEFAULT 1
);


-- id = 1 to 20 is the first level of ai
-- id = 21 to 40 is the second level of ai
CREATE TABLE design_ai (
	id INT UNSIGNED NOT NULL PRIMARY KEY 
,	icon INT UNSIGNED NOT NULL DEFAULT 0
,	lv INT UNSIGNED NOT NULL DEFAULT 1
,	rating DOUBLE NOT NULL DEFAULT 1000
,	rating_flag TINYINT UNSIGNED NOT NULL DEFAULT 0 -- 0==not count rating in win_game, 1==count rating
,	pid INT UNSIGNED NOT NULL DEFAULT 0 -- prize card id
,	win_gold INT UNSIGNED NOT NULL DEFAULT 0
,	win_exp INT UNSIGNED NOT NULL DEFAULT 0
,	alias	CHAR(30) NOT NULL DEFAULT 'AI'
,	deck VARCHAR(401) NOT NULL
);


CREATE TABLE design_constant (
	batch_refresh_gold 		INT UNSIGNED NOT NULL DEFAULT 0
,	pick_gold 				INT UNSIGNED NOT NULL DEFAULT 0
,	batch_refresh_crystal 	INT UNSIGNED NOT NULL DEFAULT 0
,	pick_crystal 			INT UNSIGNED NOT NULL DEFAULT 0
,	max_timeout 			INT UNSIGNED NOT NULL DEFAULT 0

,	guild_bonus_rate		DOUBLE NOT NULL DEFAULT 0.05
,	create_guild_gold		INT UNSIGNED NOT NULL DEFAULT 0
,	create_guild_crystal	INT UNSIGNED NOT NULL DEFAULT 0
,	lottery_one_gold		INT UNSIGNED NOT NULL DEFAULT 0
,	lottery_one_crystal		INT UNSIGNED NOT NULL DEFAULT 0

,	lottery_ten_gold		INT UNSIGNED NOT NULL DEFAULT 0
,	lottery_ten_crystal		INT UNSIGNED NOT NULL DEFAULT 0
,	first_pay_double		INT UNSIGNED NOT NULL DEFAULT 0
,	monthly_increase_date	INT UNSIGNED NOT NULL DEFAULT 0
,	fight_ai_win_gold		INT UNSIGNED NOT NULL DEFAULT 0

,	fight_ai_cost_gold		INT UNSIGNED NOT NULL DEFAULT 0
,	fight_ai_draw_gold		INT UNSIGNED NOT NULL DEFAULT 0
,	fight_ai_fold_gold		INT UNSIGNED NOT NULL DEFAULT 0
,	fight_ai_win_exp		INT UNSIGNED NOT NULL DEFAULT 0
,	fight_ai_lose_exp		INT UNSIGNED NOT NULL DEFAULT 0

,	fight_ai_draw_exp		INT UNSIGNED NOT NULL DEFAULT 0
,	fight_ai_fold_exp		INT UNSIGNED NOT NULL DEFAULT 0
,	fight_pvp_win_gold		INT UNSIGNED NOT NULL DEFAULT 0
,	fight_pvp_cost_gold		INT UNSIGNED NOT NULL DEFAULT 0
,	fight_pvp_draw_gold		INT UNSIGNED NOT NULL DEFAULT 0

,	fight_pvp_fold_gold		INT UNSIGNED NOT NULL DEFAULT 0
,	fight_pvp_gold_win_exp	INT UNSIGNED NOT NULL DEFAULT 0
,	fight_pvp_gold_lose_exp	INT UNSIGNED NOT NULL DEFAULT 0
,	fight_pvp_gold_draw_exp	INT UNSIGNED NOT NULL DEFAULT 0
,	fight_pvp_gold_fold_exp	INT UNSIGNED NOT NULL DEFAULT 0

,	fight_pvp_win_crystal	INT UNSIGNED NOT NULL DEFAULT 0
,	fight_pvp_cost_crystal	INT UNSIGNED NOT NULL DEFAULT 0
,	fight_pvp_draw_crystal	INT UNSIGNED NOT NULL DEFAULT 0
,	fight_pvp_fold_crystal	INT UNSIGNED NOT NULL DEFAULT 0
,	fight_pvp_win_crystal_exp	INT UNSIGNED NOT NULL DEFAULT 0

,	fight_pvp_lose_crystal_exp	INT UNSIGNED NOT NULL DEFAULT 0
,	fight_pvp_draw_crystal_exp	INT UNSIGNED NOT NULL DEFAULT 0
,	fight_pvp_fold_crystal_exp	INT UNSIGNED NOT NULL DEFAULT 0
,	fight_ai_free_win_gold	INT UNSIGNED NOT NULL DEFAULT 0
,	fight_ai_free_lose_gold INT UNSIGNED NOT NULL DEFAULT 0

,	fight_ai_free_draw_gold	INT UNSIGNED NOT NULL DEFAULT 0
,	fight_ai_free_fold_gold	INT UNSIGNED NOT NULL DEFAULT 0
,	fight_ai_free_win_exp		INT UNSIGNED NOT NULL DEFAULT 0
,	fight_ai_free_lose_exp		INT UNSIGNED NOT NULL DEFAULT 0
,	fight_ai_free_draw_exp		INT UNSIGNED NOT NULL DEFAULT 0

,	fight_ai_free_fold_exp		INT UNSIGNED NOT NULL DEFAULT 0
,	fight_pvp_free_win_gold		INT UNSIGNED NOT NULL DEFAULT 0
,	fight_pvp_free_lose_gold	INT UNSIGNED NOT NULL DEFAULT 0
,	fight_pvp_free_draw_gold	INT UNSIGNED NOT NULL DEFAULT 0
,	fight_pvp_free_fold_gold	INT UNSIGNED NOT NULL DEFAULT 0

,	fight_pvp_free_win_exp		INT UNSIGNED NOT NULL DEFAULT 0
,	fight_pvp_free_lose_exp		INT UNSIGNED NOT NULL DEFAULT 0
,	fight_pvp_free_draw_exp		INT UNSIGNED NOT NULL DEFAULT 0
,	fight_pvp_free_fold_exp		INT UNSIGNED NOT NULL DEFAULT 0
,	pshop_reset_interval		INT UNSIGNED NOT NULL DEFAULT 0

,	pshop_refresh_gold			INT UNSIGNED NOT NULL DEFAULT 0
,	pshop_max_refresh_gold		INT UNSIGNED NOT NULL DEFAULT 0
,	exchange_crystal_gold		INT UNSIGNED NOT NULL DEFAULT 1
,	first_vip_extra_gold		INT UNSIGNED NOT NULL DEFAULT 0
,	first_vip_extra_crystal		INT UNSIGNED NOT NULL DEFAULT 0

,	first_vip_extra_cards		CHAR(100) NOT NULL DEFAULT ''
,	quick_robot_flag			INT UNSIGNED NOT NULL DEFAULT 0 -- 0==quick game no robot
,	quick_win_exp				INT UNSIGNED NOT NULL DEFAULT 0
,	quick_lose_exp				INT UNSIGNED NOT NULL DEFAULT 0
,	quick_draw_exp				INT UNSIGNED NOT NULL DEFAULT 0
,	quick_fold_exp				INT UNSIGNED NOT NULL DEFAULT 0 

);

CREATE TABLE design_exp (
	lv		INT UNSIGNED UNIQUE NOT NULL
,	exp		INT UNSIGNED NOT NULL
);


-- gold_shuffle=10, crystal_shuffle=1  
CREATE TABLE design_pick (
	ptype TINYINT NOT NULL  -- 0=gold_pick, 1=crystal_pick
,	loc TINYINT NOT NULL
,	rate	INT	NOT NULL	-- rate of picking this loc
,	star1	INT NOT NULL
,	star2	INT NOT NULL
,	star3	INT NOT NULL
,	star4	INT NOT NULL
,	star5	INT NOT NULL
,	PRIMARY KEY (ptype, loc)
) ;

CREATE TABLE design_lottery (
	team		INT NOT NULL -- 1 for normal lottery; 2 for special lottery
,	money_type	INT NOT NULL -- 1 for gold; 2 for crystal
,	weight		INT NOT NULL
,	cards		VARCHAR(2000) NOT NULL
,	PRIMARY KEY (team, money_type, weight)
);

CREATE TABLE design_notice (
	id INT UNSIGNED NOT NULL PRIMARY KEY 
,	create_date	DATETIME NOT NULL
,	title	VARCHAR(100) NOT NULL
,	notice	VARCHAR(500) NOT NULL
) DEFAULT CHARSET = utf8 ;

CREATE TABLE design_std_deck (
	id INT UNSIGNED PRIMARY KEY NOT NULL
,	deck VARCHAR(401) NOT NULL
) DEFAULT CHARSET = utf8 ;

CREATE TABLE design_hero_slot (
	hero_id INT UNSIGNED PRIMARY KEY NOT NULL
,	deck VARCHAR(401) NOT NULL
) DEFAULT CHARSET = utf8 ;


CREATE TABLE design_guild(
	lv		INT UNSIGNED PRIMARY KEY NOT NULL
,	gold	INT UNSIGNED NOT NULL DEFAULT 0
,	levelup_gold INT UNSIGNED NOT NULL DEFAULT 0
,	member_max INT UNSIGNED NOT NULL DEFAULT 100
);


CREATE TABLE design_merge (
	card_id INT UNSIGNED PRIMARY KEY NOT NULL 
,	count INT UNSIGNED NOT NULL DEFAULT 0
,	gold INT UNSIGNED NOT NULL DEFAULT 0
,	crystal INT UNSIGNED NOT NULL DEFAULT 0
);


-- TODO pay_type -> channel, pay_price -> (int) price
CREATE TABLE design_pay (
	pay_id INT UNSIGNED PRIMARY KEY NOT NULL 
,	pay_code INT UNSIGNED NOT NULL DEFAULT 0 
,	channel INT UNSIGNED NOT NULL DEFAULT 0
,	price INT UNSIGNED NOT NULL DEFAULT 0
,	money_type INT UNSIGNED NOT NULL DEFAULT 1
,	money INT UNSIGNED NOT NULL DEFAULT 0
,	title VARCHAR(500) NOT NULL DEFAULT ''
,	description	VARCHAR(500) NOT NULL DEFAULT ''
) DEFAULT CHARSET = utf8 ;

CREATE TABLE design_monthly (
	pay_code INT UNSIGNED PRIMARY KEY NOT NULL
) DEFAULT CHARSET = utf8 ;


CREATE TABLE design_version (
	id INT UNSIGNED NOT NULL PRIMARY KEY 
,	game_version INT UNSIGNED NOT NULL DEFAULT 0
,	client_version INT UNSIGNED NOT NULL DEFAULT 0
);

CREATE TABLE design_website (
	device_id INT UNSIGNED NOT NULL PRIMARY KEY 
,	website	VARCHAR(100) NOT NULL default '_'
,	note	VARCHAR(100) NOT NULL default '_'
) DEFAULT CHARSET = utf8 ;


-- mtype = MISSION_LEVEL 1, p1=level
-- mtype = MISSION_AI 2, p1=number of win game, p2=ai_id(design_ai)
-- mtype = MISSION_VS 3, p1=number of win game
-- mtype = MISSION_CHALLENGE 4, p1=number of win game in challenge
-- mtype = MISSION_BEI_CHALLENGE 5, p1=number of win game in bei challenge
-- mtype = MISSION_REPLAY 6, p1=number of replay view
-- mtype = MISSION_CHAT 7, p1=channel(1=world,2=guild,3=room)  (n1 = 1or0)
-- mtype = MISSION_FRIEND 8, p1=number of friends
-- mtype = MISSION_SHOP 9, p1=buy card count, p2=card_id
-- mtype = MISSION_CARD 10, p1=own card count, p2=card_id
-- mtype = MISSION_COLLECTION 11, p1=collection count
-- mtype = MISSION_PROMOTION 12, p1=valid promotion count

CREATE TABLE design_mission (
	mid INT UNSIGNED NOT NULL PRIMARY KEY
,	pre	INT UNSIGNED NOT NULL DEFAULT 0 -- pre_mission_id
,	lv INT UNSIGNED NOT NULL DEFAULT 0 -- minimum level 
,	hero INT UNSIGNED NOT NULL DEFAULT 0 -- pre: need to hv this hero 
,	daily INT UNSIGNED NOT NULL DEFAULT 0 -- 1 for daily mission ref:reset_time

,	guild_lv INT UNSIGNED NOT NULL DEFAULT 0 -- guild lv
,	mtype INT UNSIGNED NOT NULL DEFAULT 0 -- 
,	p1 INT UNSIGNED NOT NULL DEFAULT 0 -- 
,	p2 INT UNSIGNED NOT NULL DEFAULT 0 -- 
,	p3 INT UNSIGNED NOT NULL DEFAULT 0 -- 

,	reward_exp INT UNSIGNED NOT NULL DEFAULT 0 -- 
,	reward_gold INT UNSIGNED NOT NULL DEFAULT 0 -- 
,	reward_crystal INT UNSIGNED NOT NULL DEFAULT 0 -- 
,	reward_power INT UNSIGNED NOT NULL DEFAULT 0
,	reward_card CHAR(50) NOT NULL DEFAULT '' -- 
,	reward_piece CHAR(50) NOT NULL DEFAULT ''

,	reset_time DATETIME NOT NULL DEFAULT CURRENT_TIMESTAMP
,	mtext VARCHAR(100) NOT NULL default '_'
) DEFAULT CHARSET = utf8 ;

CREATE TABLE design_slot (
	id INT UNSIGNED NOT NULL PRIMARY KEY
,	gold INT UNSIGNED NOT NULL DEFAULT 0
,	ctystal INT UNSIGNED NOT NULL DEFAULT 0
);


CREATE TABLE design_rank_reward (
	id 				INT UNSIGNED NOT NULL PRIMARY KEY
,	start_num		INT UNSIGNED NOT NULL	
,	end_num			INT UNSIGNED NOT NULL	
,	gold 			INT UNSIGNED NOT NULL DEFAULT 0
,	crystal 		INT UNSIGNED NOT NULL DEFAULT 0
,	title			VARCHAR(100) NOT NULL DEFAULT '-'
,	message			VARCHAR(300) NOT NULL DEFAULT '-'
);

CREATE TABLE design_rank_time (
	id 				INT UNSIGNED NOT NULL PRIMARY KEY
,	time			INT UNSIGNED NOT NULL	-- 0 -> 00:00, 2000 -> 20:00, 2200 -> 22:00
);


CREATE TABLE design_arena_reward (
	id 				INT UNSIGNED NOT NULL PRIMARY KEY
,	start_num		INT UNSIGNED NOT NULL	
,	end_num			INT UNSIGNED NOT NULL	
,	gold 			INT UNSIGNED NOT NULL DEFAULT 0
,	crystal 		INT UNSIGNED NOT NULL DEFAULT 0
,	title			VARCHAR(100) NOT NULL DEFAULT '-'
,	message			VARCHAR(300) NOT NULL DEFAULT '-'
);



CREATE TABLE design_rate_card (
	team_id			INT UNSIGNED NOT NULL
,	weight			INT UNSIGNED NOT NULL
,	range_list		VARCHAR(2000) NOT NULL DEFAULT '' -- card_id card_id ...
,	PRIMARY KEY(team_id, weight)
);


CREATE TABLE design_gift (
	id				INT UNSIGNED NOT NULL PRIMARY KEY
,	channel			INT UNSIGNED NOT NULL
,	gtype			INT UNSIGNED NOT NULL
,	gold			INT UNSIGNED NOT NULL DEFAULT 0
,	crystal			INT UNSIGNED NOT NULL DEFAULT 0
,	ran_team_list	VARCHAR(1000) NOT NULL DEFAULT '' -- id list in design_random
);


CREATE TABLE design_gate (
	gate_id		INT UNSIGNED NOT NULL PRIMARY KEY
,	title		VARCHAR(100) NOT NULL DEFAULT '_'
,	gold		INT UNSIGNED NOT NULL DEFAULT 0
,	crystal		INT UNSIGNED NOT NULL DEFAULT 0
,	exp			INT UNSIGNED NOT NULL DEFAULT 0
,	focus_card	INT UNSIGNED NOT NULL DEFAULT 0
,	power		INT UNSIGNED NOT NULL DEFAULT 0
,	gate_info	VARCHAR(400) NOT NULL DEFAULT '' 
);

CREATE TABLE design_fight_schedule (
	game_type		INT UNSIGNED NOT NULL
,	open_time		TIME NOT NULL DEFAULT 0
,	close_time		TIME NOT NULL DEFAULT 0
,	PRIMARY KEY(game_type, open_time, close_time)
);

CREATE TABLE design_gate_msg (
	gate_id		INT UNSIGNED NOT NULL 
,	round		INT UNSIGNED NOT NULL
,	card_id		INT UNSIGNED NOT NULL DEFAULT 0
,	msg			VARCHAR(200) NOT NULL DEFAULT '_' 
,	PRIMARY KEY(gate_id, round)
);


CREATE TABLE design_tower_reward (
	id 				INT UNSIGNED NOT NULL PRIMARY KEY
,	start_num		INT UNSIGNED NOT NULL	
,	end_num			INT UNSIGNED NOT NULL	
,	battle_coin 	INT UNSIGNED NOT NULL DEFAULT 0
);


CREATE TABLE design_piece_shop (
	id				INT UNSIGNED NOT NULL PRIMARY KEY
,	card_id			INT UNSIGNED NOT NULL DEFAULT 0
,	count			INT UNSIGNED NOT NULL DEFAULT 0
,	gold			INT UNSIGNED NOT NULL DEFAULT 0
,	crystal			INT UNSIGNED NOT NULL DEFAULT 0
,	weight			INT UNSIGNED NOT NULL DEFAULT 0
,	hard_show		INT UNSIGNED NOT NULL DEFAULT 0
);

CREATE TABLE design_card_chapter (
	card_id			INT UNSIGNED NOT NULL
,	chapter_name	CHAR(50) NOT NULL DEFAULT '_'
,	chapter_id		INT UNSIGNED NOT NULL DEFAULT 1
,	stage_id		INT UNSIGNED NOT NULL DEFAULT 1
,	PRIMARY KEY(card_id, chapter_id, stage_id)
);


-- note how to set target:
-- situation 1, check range, p1 and p2 is range, if p1/p2 = 99, means p1/p2 is useless
-- 1. p1=0, p2=10,		p1<=counter<=p2 is ok
-- 2. p1=99, p2=10,		counter>=p2 is ok
-- 3. p1=10, p2=99,		counter<=p1 is ok
-- situation 2, for count card, p1 is card_id, use p2 get check_type and num
-- type = p2/10, num = p2%10, so num only can be 0~9
-- 1. type = 0, same type, counter == num is ok, e.g. p1=23, p2=3: type=0, num=3
-- 2. type = 1, less type, counter <= num is ok, e.g. p1=23, p2=13: type=1, num=3
-- 3. type = 2, more type, counter >= num is ok, e.g. p1=23, p2=23: type=2, num=3
CREATE TABLE design_solo (
    id          INT UNSIGNED NOT NULL PRIMARY KEY
,   hero_id     INT UNSIGNED NOT NULL DEFAULT 1 -- solo ai hero_id
,   alias       CHAR(30) NOT NULL DEFAULT 'solo'
,   solo_type   INT UNSIGNED NOT NULL DEFAULT 0 
-- NOTE: solo_type =  flag_shuffle_deck1 		* 1000 
--					+ flag_shuffle_deck2 		* 100 
--					+ flag_teach 				* 10 
--					+ flag_solo_type			* 1
,   max_ally    INT UNSIGNED NOT NULL DEFAULT 0
,   max_hp		INT UNSIGNED NOT NULL DEFAULT 0
,   deck        VARCHAR(401) NOT NULL
,   type_list   CHAR(100) NOT NULL -- to control solo ai play hand card
,   my_hero		INT UNSIGNED NOT NULL DEFAULT 0 -- 0 means use my real hero
,   my_hp		INT UNSIGNED NOT NULL DEFAULT 0 
,   my_deck		VARCHAR(401) NOT NULL -- add for my deck, empty means use real deck
,   start_side	INT UNSIGNED NOT NULL DEFAULT 0

,   target1			INT UNSIGNED NOT NULL DEFAULT 0
,   p11				INT UNSIGNED NOT NULL DEFAULT 0
,   p12				INT UNSIGNED NOT NULL DEFAULT 0
,   target2			INT UNSIGNED NOT NULL DEFAULT 0
,   p21				INT UNSIGNED NOT NULL DEFAULT 0
,   p22				INT UNSIGNED NOT NULL DEFAULT 0
,   target3			INT UNSIGNED NOT NULL DEFAULT 0
,   p31				INT UNSIGNED NOT NULL DEFAULT 0
,   p32				INT UNSIGNED NOT NULL DEFAULT 0
);


CREATE TABLE design_robot (
    id          INT UNSIGNED NOT NULL
,	rtype 		INT UNSIGNED NOT NULL DEFAULT 0 -- 0 for normal robot, 1 for fakeman
,	icon 		INT UNSIGNED NOT NULL DEFAULT 0
,	lv 			INT UNSIGNED NOT NULL DEFAULT 1
,	rating 		DOUBLE NOT NULL DEFAULT 1000
,   hero_id     INT UNSIGNED NOT NULL DEFAULT 1
,   hp			INT UNSIGNED NOT NULL DEFAULT 0
,   energy		INT UNSIGNED NOT NULL DEFAULT 0
,   alias       CHAR(30) NOT NULL DEFAULT 'robot'
,   deck        VARCHAR(401) NOT NULL
,	PRIMARY KEY (id, rtype)
);


CREATE TABLE design_chapter (
	chapter_id		INT UNSIGNED NOT NULL DEFAULT 1
,   stage_id		INT UNSIGNED NOT NULL DEFAULT 1
,   chapter_name    CHAR(100) NOT NULL DEFAULT 'chapter'
,   stage_name      CHAR(100) NOT NULL DEFAULT 'stage'
,   stage_msg      VARCHAR(400) NOT NULL DEFAULT '-'

,   solo_list		CHAR(30) NOT NULL DEFAULT '1 2 3'  -- pick one solo AI
,   exp				INT UNSIGNED NOT NULL DEFAULT 0
,   power			INT UNSIGNED NOT NULL DEFAULT 0 -- power consumed
,   tips_list		CHAR(30) NOT NULL DEFAULT '0' -- tips card

,   reward1			INT UNSIGNED NOT NULL DEFAULT 0
,   r1_count		INT UNSIGNED NOT NULL DEFAULT 0 -- TODO r1_count
,   r1_weight		INT UNSIGNED NOT NULL DEFAULT 0
,   reward2			INT UNSIGNED NOT NULL DEFAULT 0
,   r2_count		INT UNSIGNED NOT NULL DEFAULT 0
,   r2_weight		INT UNSIGNED NOT NULL DEFAULT 0
,   reward3			INT UNSIGNED NOT NULL DEFAULT 0
,   r3_count		INT UNSIGNED NOT NULL DEFAULT 0
,   r3_weight		INT UNSIGNED NOT NULL DEFAULT 0
,   reward4			INT UNSIGNED NOT NULL DEFAULT 0
,   r4_count		INT UNSIGNED NOT NULL DEFAULT 0
,   r4_weight		INT UNSIGNED NOT NULL DEFAULT 0
,	PRIMARY KEY (chapter_id, stage_id)
);

CREATE TABLE design_hero (
	hero_id			INT UNSIGNED NOT NULL PRIMARY KEY
,   hp				INT UNSIGNED NOT NULL DEFAULT 0
,   energy			INT UNSIGNED NOT NULL DEFAULT 0
);

CREATE TABLE design_hero_mission (
	hero_id			INT UNSIGNED NOT NULL DEFAULT 1
,	mission_id		INT UNSIGNED NOT NULL DEFAULT 1
,	pre				INT UNSIGNED NOT NULL DEFAULT 0 
,   reward_type		INT UNSIGNED NOT NULL DEFAULT 1
,   reward_count	INT UNSIGNED NOT NULL DEFAULT 0
,   mtype			INT UNSIGNED NOT NULL DEFAULT 1
,   p1				INT UNSIGNED NOT NULL DEFAULT 0
,   p2				INT UNSIGNED NOT NULL DEFAULT 0
,   p3				INT UNSIGNED NOT NULL DEFAULT 0
,   msg      		VARCHAR(400) NOT NULL DEFAULT '-'
,	PRIMARY KEY (hero_id, mission_id)
);

CREATE TABLE design_achievement (
	aid 	INT UNSIGNED NOT NULL PRIMARY KEY
,	name 	VARCHAR(100) NOT NULL default '_'
,	msg 	VARCHAR(200) NOT NULL default '_'

,	pre		INT UNSIGNED NOT NULL DEFAULT 0 -- pre_aid
,	atype 	INT UNSIGNED NOT NULL DEFAULT 0 -- 
,	p1 		INT UNSIGNED NOT NULL DEFAULT 0 -- 
,	p2 		INT UNSIGNED NOT NULL DEFAULT 0 -- 
,	p3 		VARCHAR(401) NOT NULL DEFAULT '_'

,	reward_gold			INT UNSIGNED NOT NULL DEFAULT 0 -- 
,	reward_crystal 		INT UNSIGNED NOT NULL DEFAULT 0 -- 
,	reward_card 		VARCHAR(50) NOT NULL 
,	reward_piece 		VARCHAR(50) NOT NULL 
) DEFAULT CHARSET = utf8 ;


CREATE TABLE design_daily_login (
	day			INT UNSIGNED NOT NULL
,	log_time	INT UNSIGNED NOT NULL DEFAULT 0
,	gold		INT UNSIGNED NOT NULL DEFAULT 0
,	crystal		INT UNSIGNED NOT NULL DEFAULT 0
,	cards		CHAR(50) NOT NULL DEFAULT ''
,	pieces		CHAR(50) NOT NULL DEFAULT ''
,	PRIMARY KEY(day, log_time)
);

CREATE TABLE design_quick_reward (
	win_flag			INT UNSIGNED NOT NULL DEFAULT 0 -- 1 for winner, 2 for loser
,	reward_type			INT UNSIGNED NOT NULL DEFAULT 0 -- 1 for gold, 2 for crystal
,	count				INT UNSIGNED NOT NULL DEFAULT 0
,	weight				INT UNSIGNED NOT NULL DEFAULT 0
);


CREATE TABLE design_chapter_dialog (
	chapter		INT UNSIGNED NOT NULL DEFAULT 0
,	stage		INT UNSIGNED NOT NULL DEFAULT 0
,	dialog		VARCHAR(1000) NOT NULL DEFAULT ''
,	PRIMARY KEY(chapter, stage)
) DEFAULT CHARSET = utf8;


-- ----------- SAMPLE DATA -----------

INSERT INTO design_shop (card_id) VALUES (21), ( 22), ( 23), ( 24), ( 25), ( 26), ( 27), ( 28), ( 29), ( 30), ( 31), ( 32), ( 33), ( 34), ( 35), ( 36), ( 37), ( 38), ( 39), ( 40), ( 41), ( 42), ( 43), ( 44), ( 45), ( 46), ( 47), ( 48), ( 49), ( 50), ( 51), ( 52), ( 53), ( 54), ( 55), ( 56), ( 57), ( 58), ( 59), ( 60), ( 61), ( 62), ( 63), ( 64), ( 65), ( 66), ( 67), ( 68), ( 69), ( 70), ( 71), ( 72), ( 73), ( 74), ( 75), ( 76), ( 77), ( 78), ( 79), ( 80), ( 86), ( 91), ( 92), ( 93), ( 94), ( 95), ( 96), ( 97), ( 98), ( 99), ( 100), ( 101), ( 131), ( 132), ( 133), ( 134), ( 135), ( 136), ( 137), ( 138), ( 139), ( 140), ( 141), ( 142), ( 143), ( 144), ( 145), ( 146), ( 147), ( 148), ( 149), ( 150), ( 151), ( 152), ( 153), ( 154), ( 155), ( 156), ( 157), ( 158), ( 159), ( 160), ( 161), ( 162), ( 163), ( 164), ( 165), ( 170), ( 172), ( 173), ( 175), ( 176), ( 177), ( 181), ( 182), ( 183), ( 184), ( 188), ( 189), ( 190), ( 191), ( 193), ( 195), ( 197), ( 200)
;


INSERT INTO `design_ai` (`id`, alias, lv, win_gold, win_exp, pid, `deck`) VALUES
(1, 'AI男战初级', 1, 10, 20, 0, '1000000000000000000002200321030000000000000000000000000000002022112022000000000000000000000000000000000000000000000000000000000000111110000000000000002002200000000000000000000000000000000200000000000000000000000000000000000000000000000000000000000000000000000000000000000000000000000000000000000000000000000000000000000000000000000000000000000000000000000000000000000000000000000000000000000000000000'),
(2, 'AI女战初级', 1, 10, 20, 0, '0100000000000000000002200321030000000000000000000000000000002022112022000000000000000000000000000000000000000000000000000000000000111110000000000000002002200000000000000000000000000000000200000000000000000000000000000000000000000000000000000000000000000000000000000000000000000000000000000000000000000000000000000000000000000000000000000000000000000000000000000000000000000000000000000000000000000000'),
(5, 'AI电法初级', 1, 10, 20, 0, '0000100000000000000002200321030000000000000000000000000000000000000000221212002200000000000000000000000000000000000000000000000000111110000000000000002002200000000000000002000000000000000000000000000000000000000000000000000000000000000000000000000000000000000000000000000000000000000000000000000000000000000000000000000000000000000000000000000000000000000000000000000000000000000000000000000000000000'),
(6, 'AI冰法初级', 1, 10, 20, 0, '0000010000000000000002200321030000000000000000000000000000000000000000221212002200000000000000000000000000000000000000000000000000111110000000000000002002200000000000000002000000000000000000000000000000000000000000000000000000000000000000000000000000000000000000000000000000000000000000000000000000000000000000000000000000000000000000000000000000000000000000000000000000000000000000000000000000000000'),
(8, 'AI牧师初级', 1, 10, 20, 0, '0000000100000000000002200321030000000000000000000000000000000000000000000000000000000000002202212021000000000000000000000000000000111110000000000000002002200000000000000000200000000000000000000000000000000000000000000000000000000000000000000000000000000000000000000000000000000000000000000000000000000000000000000000000000000000000000000000000000000000000000000000000000000000000000000000000000000000'),
(15, 'AI安妮初级', 1, 10, 20, 0, '0000000000000010000000000000000000000000222210220000000000000000000000221212002200000000000000000000000000000000000000000000000000000000000001220000002002200000000000000002000000000000000000000000000000000000000000000000000000000000000000000000000000000000000000000000000000000000000000000000000000000000000000000000000000000000000000000000000000000000000000000000000000000000000000000000000000000000'),
(81, 'AI战士新手引导', 30, 10, 20, 0, '1000000000000000000004004000000000000004000000000000000000000000000000000000000000000000000000000000000000000000000000000000000000000000000000000000000000000000000000000000000000000000000000000000000000000000000000000000000000000000000000000000000000000000000000000000000000000000000000000000000000000000000000000000000000000000000000000000000000000000000000000000000000000000000000000000000000000000'),
(35, 'AI安妮中级', 10, 10, 20, 0, '0000000000000010000000000000000000000000004400000000404000000000000000400404300000000000000000000000000000000000000000000000000000000000000000020002020000000001000000000000000000000000000000000000000200000000000000000000000000000000000000000000000000000000000000000000000000000000000000000000000000000000000000000000000000000000000000000000000000000000000000000000000000000000000000000000000000000000'),
(28, 'AI牧师中级', 7, 10, 20, 0, '0000000100000000000040000000004300000403000000000000000000000000000000000000000000000000004040400000000000000000000000000000000000040000000000000000000000000000000020000000000000000000000000004000000000000000000000000000000000000000000000000000000000000000000000000000000000000000000000000000000000000000000000000000000000000000000000000000000000000000000000000000000000000000000000000000000000000000'),
(21, 'AI战士中级', 2, 10, 20, 0, '1000000000000000000030003402002300000312000000000000000000000012202004000000000000000000000000000000000000000000000000000000000000030000000000000000000000000000000020000000000000000000000000000000000000000000000000000000000000000000000000000000000000000000000000000000000000000000000000000000000000000000000000000000000000000000000000000000000000000000000000000000000000000000000000000000000000000000'),
(22, 'AI女战中级', 2, 10, 20, 0, '0100000000000000000000003402000330000302000000000000000000000202202104000000000000000000000000000000000000000000000000000000000000000000000000000000000000000000000020000000000000000322000000000000000000000000000000000000000000000000000000000000000000000000000000000000000000000000000000000000000000000000000000000000000000000000000000000000000000000000000000000000000000000000000000000000000000000000'),
(99, 'AIeasydie', 2, 9, 99, 29, '0000000000000000001000340000000000000000000000000000000000000000000000000000000000000000000000000000000000000000000000000000000000000000000000000000000000000000000000000000000000000000000000000000000000000000000000000000000000000000000000000000000000000000000000000000000000000000000000000000000000000000000000000000000000000000000000000000000000000000000000000000000000000000000000000000000000000000'),
(98, 'AIeasydie98', 2, 9, 98, 29, '0000000000000000000100340000000000000000000000000000000000000000000000000000000000000000000000000000000000000000000000000000000000000000000000000000000000000000000000000000000000000000000000000000000000000000000000000000000000000000000000000000000000000000000000000000000000000000000000000000000000000000000000000000000000000000000000000000000000000000000000000000000000000000000000000000000000000000'),
(26, 'AI冰法中级', 5, 10, 20, 0,  '0000010000000000000030003400000300030300000000000000000000000000000000400404030000000000000000000000000000000000000000000000000000000000020000000000000000000002000000000000000000000000000000000000000200000000000000000000000000000000000000000000000000000000000000000000000000000000000000000000000000000000000000000000000000000000000000000000000000000000000000000000000000000000000000000000000000000000');

INSERT INTO `design_ai` (`id`, alias, lv, win_gold, win_exp, pid, `deck`) VALUES
(101, 'AI男战初级', 1, 10, 20, 0, '1000000000000000000002200321030000000000000000000000000000002022112022000000000000000000000000000000000000000000000000000000000000111110000000000000002002200000000000000000000000000000000200000000000000000000000000000000000000000000000000000000000000000000000000000000000000000000000000000000000000000000000000000000000000000000000000000000000000000000000000000000000000000000000000000000000000000000'),
(102, 'AI女战初级', 1, 10, 20, 0, '0100000000000000000002200321030000000000000000000000000000002022112022000000000000000000000000000000000000000000000000000000000000111110000000000000002002200000000000000000000000000000000200000000000000000000000000000000000000000000000000000000000000000000000000000000000000000000000000000000000000000000000000000000000000000000000000000000000000000000000000000000000000000000000000000000000000000000'),
(105, 'AI电法初级', 1, 10, 20, 0, '0000100000000000000002200321030000000000000000000000000000000000000000221212002200000000000000000000000000000000000000000000000000111110000000000000002002200000000000000002000000000000000000000000000000000000000000000000000000000000000000000000000000000000000000000000000000000000000000000000000000000000000000000000000000000000000000000000000000000000000000000000000000000000000000000000000000000000'),
(106, 'AI冰法初级', 1, 10, 20, 0, '0000010000000000000002200321030000000000000000000000000000000000000000221212002200000000000000000000000000000000000000000000000000111110000000000000002002200000000000000002000000000000000000000000000000000000000000000000000000000000000000000000000000000000000000000000000000000000000000000000000000000000000000000000000000000000000000000000000000000000000000000000000000000000000000000000000000000000'),
(108, 'AI牧师初级', 1, 10, 20, 0, '0000000100000000000002200321030000000000000000000000000000000000000000000000000000000000002202212021000000000000000000000000000000111110000000000000002002200000000000000000200000000000000000000000000000000000000000000000000000000000000000000000000000000000000000000000000000000000000000000000000000000000000000000000000000000000000000000000000000000000000000000000000000000000000000000000000000000000'),
(115, 'AI安妮初级', 1, 10, 20, 0, '0000000000000010000000000000000000000000222210220000000000000000000000221212002200000000000000000000000000000000000000000000000000000000000001220000002002200000000000000002000000000000000000000000000000000000000000000000000000000000000000000000000000000000000000000000000000000000000000000000000000000000000000000000000000000000000000000000000000000000000000000000000000000000000000000000000000000000'),
(181, 'AI战士新手引导', 30, 10, 20, 0, '1000000000000000000004004000000000000004000000000000000000000000000000000000000000000000000000000000000000000000000000000000000000000000000000000000000000000000000000000000000000000000000000000000000000000000000000000000000000000000000000000000000000000000000000000000000000000000000000000000000000000000000000000000000000000000000000000000000000000000000000000000000000000000000000000000000000000000'),
(135, 'AI安妮中级', 10, 10, 20, 0, '0000000000000010000000000000000000000000004400000000404000000000000000400404300000000000000000000000000000000000000000000000000000000000000000020002020000000001000000000000000000000000000000000000000200000000000000000000000000000000000000000000000000000000000000000000000000000000000000000000000000000000000000000000000000000000000000000000000000000000000000000000000000000000000000000000000000000000'),
(128, 'AI牧师中级', 7, 10, 20, 0, '0000000100000000000040000000004300000403000000000000000000000000000000000000000000000000004040400000000000000000000000000000000000040000000000000000000000000000000020000000000000000000000000004000000000000000000000000000000000000000000000000000000000000000000000000000000000000000000000000000000000000000000000000000000000000000000000000000000000000000000000000000000000000000000000000000000000000000'),
(121, 'AI战士中级', 2, 10, 20, 0, '1000000000000000000030003402002300000312000000000000000000000012202004000000000000000000000000000000000000000000000000000000000000030000000000000000000000000000000020000000000000000000000000000000000000000000000000000000000000000000000000000000000000000000000000000000000000000000000000000000000000000000000000000000000000000000000000000000000000000000000000000000000000000000000000000000000000000000'),
(122, 'AI女战中级', 2, 10, 20, 0, '0100000000000000000000003402000330000302000000000000000000000202202104000000000000000000000000000000000000000000000000000000000000000000000000000000000000000000000020000000000000000322000000000000000000000000000000000000000000000000000000000000000000000000000000000000000000000000000000000000000000000000000000000000000000000000000000000000000000000000000000000000000000000000000000000000000000000000'),
(199, 'AIeasydie', 2, 9, 99, 29, '0000000000000000001000340000000000000000000000000000000000000000000000000000000000000000000000000000000000000000000000000000000000000000000000000000000000000000000000000000000000000000000000000000000000000000000000000000000000000000000000000000000000000000000000000000000000000000000000000000000000000000000000000000000000000000000000000000000000000000000000000000000000000000000000000000000000000000'),
(198, 'AIeasydie98', 2, 9, 98, 29, '0000000000000000000100340000000000000000000000000000000000000000000000000000000000000000000000000000000000000000000000000000000000000000000000000000000000000000000000000000000000000000000000000000000000000000000000000000000000000000000000000000000000000000000000000000000000000000000000000000000000000000000000000000000000000000000000000000000000000000000000000000000000000000000000000000000000000000'),
(126, 'AI冰法中级', 5, 10, 20, 0,  '0000010000000000000030003400000300030300000000000000000000000000000000400404030000000000000000000000000000000000000000000000000000000000020000000000000000000002000000000000000000000000000000000000000200000000000000000000000000000000000000000000000000000000000000000000000000000000000000000000000000000000000000000000000000000000000000000000000000000000000000000000000000000000000000000000000000000000');

INSERT INTO `design_ai` (`id`, alias, lv, win_gold, win_exp, pid, `deck`) VALUES
(201, 'AI男战初级', 1, 10, 20, 0, '1000000000000000000002200321030000000000000000000000000000002022112022000000000000000000000000000000000000000000000000000000000000111110000000000000002002200000000000000000000000000000000200000000000000000000000000000000000000000000000000000000000000000000000000000000000000000000000000000000000000000000000000000000000000000000000000000000000000000000000000000000000000000000000000000000000000000000'),
(202, 'AI女战初级', 1, 10, 20, 0, '0100000000000000000002200321030000000000000000000000000000002022112022000000000000000000000000000000000000000000000000000000000000111110000000000000002002200000000000000000000000000000000200000000000000000000000000000000000000000000000000000000000000000000000000000000000000000000000000000000000000000000000000000000000000000000000000000000000000000000000000000000000000000000000000000000000000000000'),
(205, 'AI电法初级', 1, 10, 20, 0, '0000100000000000000002200321030000000000000000000000000000000000000000221212002200000000000000000000000000000000000000000000000000111110000000000000002002200000000000000002000000000000000000000000000000000000000000000000000000000000000000000000000000000000000000000000000000000000000000000000000000000000000000000000000000000000000000000000000000000000000000000000000000000000000000000000000000000000'),
(206, 'AI冰法初级', 1, 10, 20, 0, '0000010000000000000002200321030000000000000000000000000000000000000000221212002200000000000000000000000000000000000000000000000000111110000000000000002002200000000000000002000000000000000000000000000000000000000000000000000000000000000000000000000000000000000000000000000000000000000000000000000000000000000000000000000000000000000000000000000000000000000000000000000000000000000000000000000000000000'),
(208, 'AI牧师初级', 1, 10, 20, 0, '0000000100000000000002200321030000000000000000000000000000000000000000000000000000000000002202212021000000000000000000000000000000111110000000000000002002200000000000000000200000000000000000000000000000000000000000000000000000000000000000000000000000000000000000000000000000000000000000000000000000000000000000000000000000000000000000000000000000000000000000000000000000000000000000000000000000000000'),
(215, 'AI安妮初级', 1, 10, 20, 0, '0000000000000010000000000000000000000000222210220000000000000000000000221212002200000000000000000000000000000000000000000000000000000000000001220000002002200000000000000002000000000000000000000000000000000000000000000000000000000000000000000000000000000000000000000000000000000000000000000000000000000000000000000000000000000000000000000000000000000000000000000000000000000000000000000000000000000000'),
(281, 'AI战士新手引导', 30, 10, 20, 0, '1000000000000000000004004000000000000004000000000000000000000000000000000000000000000000000000000000000000000000000000000000000000000000000000000000000000000000000000000000000000000000000000000000000000000000000000000000000000000000000000000000000000000000000000000000000000000000000000000000000000000000000000000000000000000000000000000000000000000000000000000000000000000000000000000000000000000000'),
(235, 'AI安妮中级', 10, 10, 20, 0, '0000000000000010000000000000000000000000004400000000404000000000000000400404300000000000000000000000000000000000000000000000000000000000000000020002020000000001000000000000000000000000000000000000000200000000000000000000000000000000000000000000000000000000000000000000000000000000000000000000000000000000000000000000000000000000000000000000000000000000000000000000000000000000000000000000000000000000'),
(228, 'AI牧师中级', 7, 10, 20, 0, '0000000100000000000040000000004300000403000000000000000000000000000000000000000000000000004040400000000000000000000000000000000000040000000000000000000000000000000020000000000000000000000000004000000000000000000000000000000000000000000000000000000000000000000000000000000000000000000000000000000000000000000000000000000000000000000000000000000000000000000000000000000000000000000000000000000000000000'),
(221, 'AI战士中级', 2, 10, 20, 0, '1000000000000000000030003402002300000312000000000000000000000012202004000000000000000000000000000000000000000000000000000000000000030000000000000000000000000000000020000000000000000000000000000000000000000000000000000000000000000000000000000000000000000000000000000000000000000000000000000000000000000000000000000000000000000000000000000000000000000000000000000000000000000000000000000000000000000000'),
(222, 'AI女战中级', 2, 10, 20, 0, '0100000000000000000000003402000330000302000000000000000000000202202104000000000000000000000000000000000000000000000000000000000000000000000000000000000000000000000020000000000000000322000000000000000000000000000000000000000000000000000000000000000000000000000000000000000000000000000000000000000000000000000000000000000000000000000000000000000000000000000000000000000000000000000000000000000000000000'),
(299, 'AIeasydie', 2, 9, 99, 29, '0000000000000000001000340000000000000000000000000000000000000000000000000000000000000000000000000000000000000000000000000000000000000000000000000000000000000000000000000000000000000000000000000000000000000000000000000000000000000000000000000000000000000000000000000000000000000000000000000000000000000000000000000000000000000000000000000000000000000000000000000000000000000000000000000000000000000000'),
(298, 'AIeasydie98', 2, 9, 98, 29, '0000000000000000000100340000000000000000000000000000000000000000000000000000000000000000000000000000000000000000000000000000000000000000000000000000000000000000000000000000000000000000000000000000000000000000000000000000000000000000000000000000000000000000000000000000000000000000000000000000000000000000000000000000000000000000000000000000000000000000000000000000000000000000000000000000000000000000'),
(226, 'AI冰法中级', 5, 10, 20, 0,  '0000010000000000000030003400000300030300000000000000000000000000000000400404030000000000000000000000000000000000000000000000000000000000020000000000000000000002000000000000000000000000000000000000000200000000000000000000000000000000000000000000000000000000000000000000000000000000000000000000000000000000000000000000000000000000000000000000000000000000000000000000000000000000000000000000000000000000');

INSERT INTO `design_ai` (`id`, alias, lv, win_gold, win_exp, pid, `deck`) VALUES
(301, 'AI男战初级', 1, 10, 20, 0, '1000000000000000000002200321030000000000000000000000000000002022112022000000000000000000000000000000000000000000000000000000000000111110000000000000002002200000000000000000000000000000000200000000000000000000000000000000000000000000000000000000000000000000000000000000000000000000000000000000000000000000000000000000000000000000000000000000000000000000000000000000000000000000000000000000000000000000'),
(302, 'AI女战初级', 1, 10, 20, 0, '0100000000000000000002200321030000000000000000000000000000002022112022000000000000000000000000000000000000000000000000000000000000111110000000000000002002200000000000000000000000000000000200000000000000000000000000000000000000000000000000000000000000000000000000000000000000000000000000000000000000000000000000000000000000000000000000000000000000000000000000000000000000000000000000000000000000000000'),
(305, 'AI电法初级', 1, 10, 20, 0, '0000100000000000000002200321030000000000000000000000000000000000000000221212002200000000000000000000000000000000000000000000000000111110000000000000002002200000000000000002000000000000000000000000000000000000000000000000000000000000000000000000000000000000000000000000000000000000000000000000000000000000000000000000000000000000000000000000000000000000000000000000000000000000000000000000000000000000'),
(306, 'AI冰法初级', 1, 10, 20, 0, '0000010000000000000002200321030000000000000000000000000000000000000000221212002200000000000000000000000000000000000000000000000000111110000000000000002002200000000000000002000000000000000000000000000000000000000000000000000000000000000000000000000000000000000000000000000000000000000000000000000000000000000000000000000000000000000000000000000000000000000000000000000000000000000000000000000000000000'),
(308, 'AI牧师初级', 1, 10, 20, 0, '0000000100000000000002200321030000000000000000000000000000000000000000000000000000000000002202212021000000000000000000000000000000111110000000000000002002200000000000000000200000000000000000000000000000000000000000000000000000000000000000000000000000000000000000000000000000000000000000000000000000000000000000000000000000000000000000000000000000000000000000000000000000000000000000000000000000000000'),
(315, 'AI安妮初级', 1, 10, 20, 0, '0000000000000010000000000000000000000000222210220000000000000000000000221212002200000000000000000000000000000000000000000000000000000000000001220000002002200000000000000002000000000000000000000000000000000000000000000000000000000000000000000000000000000000000000000000000000000000000000000000000000000000000000000000000000000000000000000000000000000000000000000000000000000000000000000000000000000000'),
(381, 'AI战士新手引导', 30, 10, 20, 0, '1000000000000000000004004000000000000004000000000000000000000000000000000000000000000000000000000000000000000000000000000000000000000000000000000000000000000000000000000000000000000000000000000000000000000000000000000000000000000000000000000000000000000000000000000000000000000000000000000000000000000000000000000000000000000000000000000000000000000000000000000000000000000000000000000000000000000000'),
(335, 'AI安妮中级', 10, 10, 20, 0, '0000000000000010000000000000000000000000004400000000404000000000000000400404300000000000000000000000000000000000000000000000000000000000000000020002020000000001000000000000000000000000000000000000000200000000000000000000000000000000000000000000000000000000000000000000000000000000000000000000000000000000000000000000000000000000000000000000000000000000000000000000000000000000000000000000000000000000'),
(328, 'AI牧师中级', 7, 10, 20, 0, '0000000100000000000040000000004300000403000000000000000000000000000000000000000000000000004040400000000000000000000000000000000000040000000000000000000000000000000020000000000000000000000000004000000000000000000000000000000000000000000000000000000000000000000000000000000000000000000000000000000000000000000000000000000000000000000000000000000000000000000000000000000000000000000000000000000000000000'),
(321, 'AI战士中级', 2, 10, 20, 0, '1000000000000000000030003402002300000312000000000000000000000012202004000000000000000000000000000000000000000000000000000000000000030000000000000000000000000000000020000000000000000000000000000000000000000000000000000000000000000000000000000000000000000000000000000000000000000000000000000000000000000000000000000000000000000000000000000000000000000000000000000000000000000000000000000000000000000000'),
(322, 'AI女战中级', 2, 10, 20, 0, '0100000000000000000000003402000330000302000000000000000000000202202104000000000000000000000000000000000000000000000000000000000000000000000000000000000000000000000020000000000000000322000000000000000000000000000000000000000000000000000000000000000000000000000000000000000000000000000000000000000000000000000000000000000000000000000000000000000000000000000000000000000000000000000000000000000000000000'),
(399, 'AIeasydie', 2, 9, 99, 29, '0000000000000000001000340000000000000000000000000000000000000000000000000000000000000000000000000000000000000000000000000000000000000000000000000000000000000000000000000000000000000000000000000000000000000000000000000000000000000000000000000000000000000000000000000000000000000000000000000000000000000000000000000000000000000000000000000000000000000000000000000000000000000000000000000000000000000000'),
(398, 'AIeasydie98', 2, 9, 98, 29, '0000000000000000000100340000000000000000000000000000000000000000000000000000000000000000000000000000000000000000000000000000000000000000000000000000000000000000000000000000000000000000000000000000000000000000000000000000000000000000000000000000000000000000000000000000000000000000000000000000000000000000000000000000000000000000000000000000000000000000000000000000000000000000000000000000000000000000'),
(326, 'AI冰法中级', 5, 10, 20, 0,  '0000010000000000000030003400000300030300000000000000000000000000000000400404030000000000000000000000000000000000000000000000000000000000020000000000000000000002000000000000000000000000000000000000000200000000000000000000000000000000000000000000000000000000000000000000000000000000000000000000000000000000000000000000000000000000000000000000000000000000000000000000000000000000000000000000000000000000');


INSERT INTO `design_ai` (`id`, icon, alias, lv, win_gold, win_exp, pid, `deck`) VALUES
(401, 3, 'AI男战初级', 1, 10, 20, 0, '1000000000000000000002200321030000000000000000000000000000002022112022000000000000000000000000000000000000000000000000000000000000111110000000000000002002200000000000000000000000000000000200000000000000000000000000000000000000000000000000000000000000000000000000000000000000000000000000000000000000000000000000000000000000000000000000000000000000000000000000000000000000000000000000000000000000000000'),
(402, 2, 'AI女战初级', 1, 10, 20, 0, '0100000000000000000002200321030000000000000000000000000000002022112022000000000000000000000000000000000000000000000000000000000000111110000000000000002002200000000000000000000000000000000200000000000000000000000000000000000000000000000000000000000000000000000000000000000000000000000000000000000000000000000000000000000000000000000000000000000000000000000000000000000000000000000000000000000000000000'),
(405, 1, 'AI电法初级', 1, 10, 20, 0, '0000100000000000000002200321030000000000000000000000000000000000000000221212002200000000000000000000000000000000000000000000000000111110000000000000002002200000000000000002000000000000000000000000000000000000000000000000000000000000000000000000000000000000000000000000000000000000000000000000000000000000000000000000000000000000000000000000000000000000000000000000000000000000000000000000000000000000'),
(406, 7, 'AI冰法初级', 1, 10, 20, 0, '0000010000000000000002200321030000000000000000000000000000000000000000221212002200000000000000000000000000000000000000000000000000111110000000000000002002200000000000000002000000000000000000000000000000000000000000000000000000000000000000000000000000000000000000000000000000000000000000000000000000000000000000000000000000000000000000000000000000000000000000000000000000000000000000000000000000000000'),
(408, 10, 'AI牧师初级', 1, 10, 20, 0, '0000000100000000000002200321030000000000000000000000000000000000000000000000000000000000002202212021000000000000000000000000000000111110000000000000002002200000000000000000200000000000000000000000000000000000000000000000000000000000000000000000000000000000000000000000000000000000000000000000000000000000000000000000000000000000000000000000000000000000000000000000000000000000000000000000000000000000'),
(415, 9, 'AI安妮初级', 1, 10, 20, 0, '0000000000000010000000000000000000000000222210220000000000000000000000221212002200000000000000000000000000000000000000000000000000000000000001220000002002200000000000000002000000000000000000000000000000000000000000000000000000000000000000000000000000000000000000000000000000000000000000000000000000000000000000000000000000000000000000000000000000000000000000000000000000000000000000000000000000000000'),
(481, 8, 'AI战士新手引导', 30, 10, 20, 0, '1000000000000000000004004000000000000004000000000000000000000000000000000000000000000000000000000000000000000000000000000000000000000000000000000000000000000000000000000000000000000000000000000000000000000000000000000000000000000000000000000000000000000000000000000000000000000000000000000000000000000000000000000000000000000000000000000000000000000000000000000000000000000000000000000000000000000000'),
(435, 7, 'AI安妮中级', 10, 10, 20, 0, '0000000000000010000000000000000000000000004400000000404000000000000000400404300000000000000000000000000000000000000000000000000000000000000000020002020000000001000000000000000000000000000000000000000200000000000000000000000000000000000000000000000000000000000000000000000000000000000000000000000000000000000000000000000000000000000000000000000000000000000000000000000000000000000000000000000000000000'),
(428, 6, 'AI牧师中级', 7, 10, 20, 0, '0000000100000000000040000000004300000403000000000000000000000000000000000000000000000000004040400000000000000000000000000000000000040000000000000000000000000000000020000000000000000000000000004000000000000000000000000000000000000000000000000000000000000000000000000000000000000000000000000000000000000000000000000000000000000000000000000000000000000000000000000000000000000000000000000000000000000000'),
(421, 5, 'AI战士中级', 2, 10, 20, 0, '1000000000000000000030003402002300000312000000000000000000000012202004000000000000000000000000000000000000000000000000000000000000030000000000000000000000000000000020000000000000000000000000000000000000000000000000000000000000000000000000000000000000000000000000000000000000000000000000000000000000000000000000000000000000000000000000000000000000000000000000000000000000000000000000000000000000000000'),
(422, 4, 'AI女战中级', 2, 10, 20, 0, '0100000000000000000000003402000330000302000000000000000000000202202104000000000000000000000000000000000000000000000000000000000000000000000000000000000000000000000020000000000000000322000000000000000000000000000000000000000000000000000000000000000000000000000000000000000000000000000000000000000000000000000000000000000000000000000000000000000000000000000000000000000000000000000000000000000000000000'),
(499, 2, 'AIeasydie', 2, 9, 99, 29, '0000000000000000001000340000000000000000000000000000000000000000000000000000000000000000000000000000000000000000000000000000000000000000000000000000000000000000000000000000000000000000000000000000000000000000000000000000000000000000000000000000000000000000000000000000000000000000000000000000000000000000000000000000000000000000000000000000000000000000000000000000000000000000000000000000000000000000'),
(498, 1, 'AIeasydie98', 2, 9, 98, 29, '0000000000000000000100340000000000000000000000000000000000000000000000000000000000000000000000000000000000000000000000000000000000000000000000000000000000000000000000000000000000000000000000000000000000000000000000000000000000000000000000000000000000000000000000000000000000000000000000000000000000000000000000000000000000000000000000000000000000000000000000000000000000000000000000000000000000000000'),
(426, 3, 'AI冰法中级', 5, 10, 20, 0,  '0000010000000000000030003400000300030300000000000000000000000000000000400404030000000000000000000000000000000000000000000000000000000000020000000000000000000002000000000000000000000000000000000000000200000000000000000000000000000000000000000000000000000000000000000000000000000000000000000000000000000000000000000000000000000000000000000000000000000000000000000000000000000000000000000000000000000000');



-- eid=50 normal : 8 zhanna
-- eid=51 : 15 majiya
-- eid=44 : 11 ter adun

-- 1, 5, 6, 8, 11, 15
-- 8=priest, 11=ter adun,  15=majiya

-- ptype, loc, star1, star2, ... star5 (base 10000)
INSERT INTO design_pick VALUES 
-- gold_pick
	(0, 0,	2800, 	10000,		0, 			0, 			0, 			0)
,	(0, 1,	2400,	5000,		5000,		0,			0,			0)
,	(0, 2, 	1800,	3000,		3000,		4000,		0,			0)
,	(0, 3, 	1200,	3500,		3000,		2500,		0,			0)
,	(0, 4, 	1000,	3000,		3000,		3000,		1000,		0)
,	(0, 5, 	800,	3000,		3000,		2500,		1000,		500)
-- crystal_pick
,	(1, 0,	3200, 	10000,		0, 			0, 			0, 			0)
,	(1, 1,	2800,	1000,		9000,		0,			0,			0)
,	(1, 2, 	2500,	1000,		1000,		8000,		0,			0)
,	(1, 3, 	300,	3500,		3000,		2500,		0,			0)
,	(1, 4, 	700,	0,			2500,		5000,		2500,		0)
,	(1, 5, 	500,	0,			0,			7000,		1000,		2000)
;

-- 
--	(0, 0,	50,	 	10000, 	0, 		0, 		0, 		0)
-- ,	(0, 1,	20,		8000,	2000,	0,		0, 		0)
-- ,	(0, 2, 	10,		7000,	2000,	1000,	0,		0)
-- ,	(0, 3, 	8,		5000,	3000,	2000,	0,		0)
-- ,	(0, 4, 	7,		4000,	3000,	2000,	1000,	0)
-- ,	(0, 5, 	5,		1000,	1000,	1000,	1000,	1000)

INSERT INTO design_lottery VALUES 
	(1, 1, 20, '21 22 23 24 25')
,	(1, 1, 30, '31 32 33 34 35')
,	(1, 1, 50, '41 42 43 44 45')

,	(1, 2, 30, '41 42 43')
,	(1, 2, 40, '51 52 53')

,	(2, 1, 50, '61 62 63')
,	(2, 2, 50, '71 72 73')
,	(3, 1, 50, '21 24 32 36 39')
,	(3, 2, 50, '31 40')
;

-- win_quick_gold  win_solo_gold  
-- batch_refresh_gold  pick_gold  batch_refresh_crystal 	pick_crystal max_timeout
INSERT INTO design_constant VALUES 
(	0, 0, 0, 0, 59
,	0.05, 1000, 0, 6000, 280
,	60000, 2520, 1, 2592000, 4000
,	2500, 2500, 0, 0, 0
,	0, 0, 6000, 4000, 4000
,	0, 0, 0, 0, 0
,	280, 154, 154, 0, 0
,	0, 0, 0, 0, 0
,	0, 0, 0, 0, 0
,	0, 0, 0, 0, 0
,	0, 0, 0, 0, 10 
,	20, 100, 10, 300, 50
,	'36 1 39 2', 1, 99, 98, 97, 96
);

INSERT INTO design_exp VALUES 
	(1, 0)
,	(2,	200)
,	(3,	500)
,	(4,	900)
,	(5,	1400)
,	(6,	2000)
,	(7,	2700)
,	(8,	3500)
,	(9,	4400)
,	(10, 5400)
,	(11, 6500)
,	(12, 7700)
,	(13, 9000)
,	(14, 10400)	 
,	(15, 11900)
,	(16, 13500)
,	(17, 15200)
,	(18, 17000)
,	(19, 18900)
,	(20, 20900) 
,	(21, 23000)
,	(22, 25200)
,	(23, 27500)
,	(24, 29900)
,	(25, 32400)
,	(26, 35000)
,	(27, 37700)
,	(28, 40500)
,	(29, 43400)
,	(30, 46400)
;

INSERT INTO design_notice VALUES 
	(1, '2014-03-05', 'title1', '这是公告111')
,	(2, '2014-03-06', 'title2', '这是公告222')
;

INSERT INTO design_std_deck VALUES
	(1, '1000000000000000000002200321030000000000000000000000000000002022112022000000000000000000000000000000000000000000000000000000000000111110000000000000002002200000000000000000000000000000000200000000000000000000000000000000000000000000000000000000000000000000000000000000000000000000000000000000000000000000000000000000000000000000000000000000000000000000000000000000000000000000000000000000000000000000')
,	(2, '0100000000000000000002200321030000000000000000000000000000002022112022000000000000000000000000000000000000000000000000000000000000111110000000000000002002200000000000000000000000000000000200000000000000000000000000000000000000000000000000000000000000000000000000000000000000000000000000000000000000000000000000000000000000000000000000000000000000000000000000000000000000000000000000000000000000000000')
,	(5, '0000100000000000000002200321030000000000000000000000000000000000000000221212002200000000000000000000000000000000000000000000000000111110000000000000002002200000000000000002000000000000000000000000000000000000000000000000000000000000000000000000000000000000000000000000000000000000000000000000000000000000000000000000000000000000000000000000000000000000000000000000000000000000000000000000000000000000')
,	(6, '0000010000000000000002200321030000000000000000000000000000000000000000221212002200000000000000000000000000000000000000000000000000111110000000000000002002200000000000000002000000000000000000000000000000000000000000000000000000000000000000000000000000000000000000000000000000000000000000000000000000000000000000000000000000000000000000000000000000000000000000000000000000000000000000000000000000000000')
,	(8, '0000000100000000000002200321030000000000000000000000000000000000000000000000000000000000002202212021000000000000000000000000000000111110000000000000002002200000000000000000200000000000000000000000000000000000000000000000000000000000000000000000000000000000000000000000000000000000000000000000000000000000000000000000000000000000000000000000000000000000000000000000000000000000000000000000000000000000')
,	(15, '0000000000000010000000000000000000000000222210220000000000000000000000221212002200000000000000000000000000000000000000000000000000000000000001220000002002200000000000000002000000000000000000000000000000000000000000000000000000000000000000000000000000000000000000000000000000000000000000000000000000000000000000000000000000000000000000000000000000000000000000000000000000000000000000000000000000000000')
;

INSERT INTO design_hero_slot VALUES
	(1, '1000000000000000000002200321030000000000000000000000000000002022112022000000000000000000000000000000000000000000000000000000000000111110000000000000002002200000000000000000000000000000000200000000000000000000000000000000000000000000000000000000000000000000000000000000000000000000000000000000000000000000000000000000000000000000000000000000000000000000000000000000000000000000000000000000000000000000')
,	(2, '0100000000000000000002200321030000000000000000000000000000002022112022000000000000000000000000000000000000000000000000000000000000111110000000000000002002200000000000000000000000000000000200000000000000000000000000000000000000000000000000000000000000000000000000000000000000000000000000000000000000000000000000000000000000000000000000000000000000000000000000000000000000000000000000000000000000000000')
,	(5, '0000100000000000000002200321030000000000000000000000000000000000000000221212002200000000000000000000000000000000000000000000000000111110000000000000002002200000000000000002000000000000000000000000000000000000000000000000000000000000000000000000000000000000000000000000000000000000000000000000000000000000000000000000000000000000000000000000000000000000000000000000000000000000000000000000000000000000')
,	(6, '0000010000000000000002200321030000000000000000000000000000000000000000221212002200000000000000000000000000000000000000000000000000111110000000000000002002200000000000000002000000000000000000000000000000000000000000000000000000000000000000000000000000000000000000000000000000000000000000000000000000000000000000000000000000000000000000000000000000000000000000000000000000000000000000000000000000000000')
,	(8, '0000000100000000000002200321030000000000000000000000000000000000000000000000000000000000002202212021000000000000000000000000000000111110000000000000002002200000000000000000200000000000000000000000000000000000000000000000000000000000000000000000000000000000000000000000000000000000000000000000000000000000000000000000000000000000000000000000000000000000000000000000000000000000000000000000000000000000')
,	(15, '0000000000000010000000000000000000000000222210220000000000000000000000221212002200000000000000000000000000000000000000000000000000000000000001220000002002200000000000000002000000000000000000000000000000000000000000000000000000000000000000000000000000000000000000000000000000000000000000000000000000000000000000000000000000000000000000000000000000000000000000000000000000000000000000000000000000000000')
;


INSERT INTO design_guild VALUES 
	(1, 100, 1000, 10)
,	(2,	200, 2000, 11)
,	(3,	500, 2000, 12)
,	(4,	900, 2000, 13)
,	(5,	1400, 2000, 14)
-- ,  (6,	2000, 2000, 15)
-- ,  (7,	2700, 2000, 16)
-- ,  (8,	3500, 2000, 18)
-- ,  (9,	4400, 2000, 20)
-- ,  (10, 5400, 2000, 20)
-- ,  (11, 6500, 2000, 20)
-- ,  (12, 7700, 2000, 20)
-- ,  (13, 9000, 2000, 20)
-- ,  (14, 10400, 2000, 20)
-- ,  (15, 11900, 2000, 20)
-- ,  (16, 13500, 2000, 20)
-- ,  (17, 15200, 2000, 20)
-- ,  (18, 17000, 2000, 20)
-- ,  (19, 18900, 2000, 20)
-- ,  (20, 20900, 2000, 20)
-- ,  (21, 23000, 2000, 20)
-- ,  (22, 25200, 2000, 20)
-- ,  (23, 27500, 2000, 20)
-- ,  (24, 29900, 2000, 20)
-- ,  (25, 32400, 2000, 20)
-- ,  (26, 35000, 2000, 20)
-- ,  (27, 37700, 2000, 20)
-- ,	(28, 40500, 2000, 20)
-- ,	(29, 43400, 2000, 20)
-- ,	(30, 46400, 2000, 20)
;

INSERT INTO design_merge VALUES 
 	(25, 10, 500, 0)
,	(26, 3, 500, 0)
,	(27, 5, 500, 0)
,	(28, 20, 0, 5)
,	(30, 5, 0, 0)
,	(400, 20, 500, 0)
;

--	pay_code,channel,		price,money_type,money,		description	
INSERT INTO design_pay VALUES 
	(1, 1, 1, 		100, 1, 10, 'a1', '支付宝1元购买10水晶')
,	(2, 2, 1, 		200, 1, 20, 'a2', '支付宝2元购买20水晶')
,	(3, 3, 1, 		500, 1, 50, 'a3', '支付宝5元购买50水晶')
,	(4, 4, 1, 		1000, 1, 100, 'a4', '支付宝10元购买100水晶')
,	(5, 5, 1, 		5000, 1, 500, 'a5', '支付宝50元购买500水晶')

,	(6, 6, 2, 		100, 1, 10, 'b1', '快钱1元购买10水晶')
,	(7, 7, 2, 		200, 1, 20, 'b2', '快钱2元购买20水晶')
,	(8, 8, 2, 		500, 1, 50, 'b3', '快钱5元购买50水晶')

,	(9, 100001, 3, 		600, 1, 60, 'c1', 'appstore6元购买60水晶')

,	(41, 41, 4, 	100, 1, 10, 'd1', '通联1元购买10水晶')
,	(42, 42, 4, 	200, 1, 20, 'd2', '通联2元购买20水晶')
,	(43, 43, 4, 	500, 1, 50, 'd3', '通联5元购买50水晶')
,	(44, 44, 4, 	1000, 1, 100, 'd4', '通联10元购买100水晶')
,	(45, 45, 4, 	5000, 1, 500, 'd5', '通联50元购买500水晶')
;

INSERT INTO design_monthly VALUES
	(5), (8), (43), (45);



INSERT INTO design_version VALUES 
	(1, 1491, 10001)
;

INSERT INTO design_website VALUES 
	(0, 'http://211.149.186.201/download.html', 'download')
,	(1, 'http://211.149.186.201/EvilCard.ipa', 'apple')
,	(2, 'http://211.149.186.201/EvilCard.apk', 'android')
;


-- mtype:  1=MISSION_LEVEL,  2=AI, 3=VS,  4=CHALLENGE,  5=BEI_CHALLENG
-- 6=REPLAY,  7=CHAT,  8=FRIEND,  9=SHOP,  10=CARD,  11=COLLECTION
-- 13=VIEW 14=GUILD 15=DECK
-- testcase:
-- mid = 1 : quick test on anything  (do not use in test case)
-- mid = 2 : Win AI 19  1 time  (pre-mid=1)		TEST OK
-- mid = 3 : Win any AI 3 time  (pre lv=3)		TEST OK
-- mid = 4, 5 : Win VS 1 time(4) and 3 time(5)

-- mid, pre, lv, hero, daily, guild_lv		mtype, p1, p2, p3
-- reward_exp, reward_gold, reward_crystal
-- reward_power, reward_card, reward_piece
-- reset_time, mtext
INSERT INTO design_mission VALUES 
	(1, 0, 0, 0, 0, 1, 	14, 1, 0, 0, 	10, 1, 0, 10, '', '', CURRENT_TIMESTAMP
	, 'Create a guild or join in a guild')
,	(2, 0, 0, 0, 0, 0, 	2, 1, 19, 0, 	10, 10, 1, 5, '21', '', CURRENT_TIMESTAMP
	, 'Win AI(19) 1 time')
,	(3, 0, 0, 0, 0, 0, 	2, 3, 0, 0,  	10, 10, 1, 30, '7', '23 2', CURRENT_TIMESTAMP
	, 'Win any AI 3 time')
,	(4, 0, 0, 0, 0, 0, 	3, 1, 0, 0,  	10, 10, 1, 12, '', '', CURRENT_TIMESTAMP
	, 'Win VS 1 time')
,	(5, 0, 0, 0, 0, 0, 	3, 3, 0, 0,  	10, 10, 1, 0, '', '36 4 10 1', CURRENT_TIMESTAMP
	, 'Win VS 1 time')
,	(6, 0, 7, 0, 1, 0, 	13, 3, 0, 0, 	0, 10, 1, 0, '8', '', CURRENT_TIMESTAMP
	, 'View 3 game')
,	(7, 0, 7, 0, 0, 0, 	8, 2, 0, 0,  	0, 10, 1, 0, '', '', CURRENT_TIMESTAMP
	, 'Add 2 friend')
,	(8, 0, 0, 0, 0, 3, 	3, 2, 0, 0,  	0, 10, 1, 0, '23', '', CURRENT_TIMESTAMP
	, 'Quick win 2')
,	(15, 0, 0, 0, 0, 0,	15, 3, 22, 0, 	0, 10, 1, 0, '22 21 23 23', '36 1', CURRENT_TIMESTAMP
	, 'Deck has 3 card22')
,	(20, 0, 0, 0, 0, 0,		22, 2, 1, 1,	0, 300, 0, 0, '', '', CURRENT_TIMESTAMP
	, 'chapter1_stage1_2_star')
,	(21, 0, 0, 0, 0, 0,		23, 3, 1, 2,	0, 300, 0, 0, '', '', CURRENT_TIMESTAMP
	, 'chapter1_2_star')
,	(200, 0, 0, 0, 0, 0, 	15, 4, 23, 0, 	99, 199, 234, 200, '', '', CURRENT_TIMESTAMP
	, 'Deck has 4 card23')
,	(100, 0, 0, 0, 0, 0, 	6, 4, 0, 0, 	0, 100, 20, 0, '', '', CURRENT_TIMESTAMP
	, 'REPLAY 4 times')
,	(101, 0, 0, 0, 0, 1, 	6, 4, 0, 0, 	0, 200, 40, 0, '', '', CURRENT_TIMESTAMP
	, 'REPLAY 4 times GUILD 1')
,	(102, 0, 0, 0, 0, 2, 	6, 4, 0, 0, 	0, 200, 40, 0, '', '', CURRENT_TIMESTAMP
	, 'REPLAY 4 times GUILD 2')
,	(110, 0, 0, 0, 1, 0,	20, 1, 0, 0,	0, 0, 50, 0, '', '', CURRENT_TIMESTAMP
	, 'MONTH VIP daily crystal')
,	(111, 0, 0, 0, 0, 0,	21, 3, 0, 0,	0, 0, 50, 111, '', '', CURRENT_TIMESTAMP
	, 'RANK GAME 3 TIMES')
,	(112, 0, 0, 0, 0, 0,	24, 1, 0, 0,	0, 0, 50, 111, '', '', CURRENT_TIMESTAMP
	, 'QUICK_1_TIMES')
,	(113, 0, 0, 0, 0, 0,	25, 1, 0, 0,	0, 0, 50, 111, '', '', CURRENT_TIMESTAMP
	, 'QUICK_WIN_1_TIMES')
,	(114, 0, 0, 0, 0, 0,	26, 13, 1, 0,	0, 0, 50, 111, '', '', CURRENT_TIMESTAMP
	, 'HERO1_HP_13')
;

INSERT INTO design_slot VALUES 
	(1, 100, 0) 
,	(2, 200, 0)
,	(3, 300, 0)
,	(4, 350, 400)
,	(5, 500, 5000)
,	(6, 600, 0)
,	(7, 700, 0)
,	(8, 800, 0)
,	(9, 900, 0)
,	(10, 1000, 0)
;

INSERT INTO design_rank_reward VALUES 
	(1, 1, 1, 350, 0, '竞技场第一名奖励', '恭喜你成为本期竞技场排名第一的玩家,获得奖励350金币')
,	(2, 2, 2, 300, 0, '竞技场第二名奖励', '恭喜你成为本期竞技场排名第二的玩家,获得奖励300金币')
,	(3, 3, 3, 250, 0, '竞技场第三名奖励', '恭喜你成为本期竞技场排名第三的玩家,获得奖励250金币')
,	(4, 4, 4, 200, 0, '竞技场第四名奖励', '恭喜你成为本期竞技场排名第四的玩家,获得奖励200金币')
,	(5, 5, 5, 150, 0, '竞技场第五名奖励', '恭喜你成为本期竞技场排名第五的玩家,获得奖励150金币')
,	(6, 6, 10, 100, 0, '竞技场第六到十名奖励', '恭喜你在本期竞技场排名第六到十之间,获得奖励100金币')
,	(7, 11, 100, 60, 0, '竞技场奖励', '本期竞技场你的排名在第十一到一百之间,获得奖励60金币')
,	(8, 101, 300, 50, 0, '竞技场奖励', '获得奖励50金币')
,	(9, 301, 500, 40, 0, '竞技场奖励', '获得奖励40金币')
,	(10, 501, 750, 30, 0, '竞技场奖励', '获得奖励30金币')
,	(11, 751, 1000, 20, 0, '竞技场奖励', '获得奖励20金币')
,	(12, 1001, 0, 10, 0, '竞技场奖励', '获得奖励10金币')
;

INSERT INTO design_rank_time VALUES 
	(1, 0)
,	(2,	300)
,	(3,	600)
,	(4,	900)
,	(5,	1200)
,	(6,	1500)
,	(7,	1800)
,	(8,	2100)
;


INSERT INTO design_arena_reward VALUES 
	(1, 1, 1, 350, 0, '竞技场第一名奖励', '恭喜你成为本期竞技场排名第一的玩家,获得奖励350金币')
,	(2, 2, 2, 300, 0, '竞技场第二名奖励', '恭喜你成为本期竞技场排名第二的玩家,获得奖励300金币')
,	(3, 3, 3, 250, 0, '竞技场第三名奖励', '恭喜你成为本期竞技场排名第三的玩家,获得奖励250金币')
,	(4, 4, 4, 200, 0, '竞技场第四名奖励', '恭喜你成为本期竞技场排名第四的玩家,获得奖励200金币')
,	(5, 5, 5, 150, 0, '竞技场第五名奖励', '恭喜你成为本期竞技场排名第五的玩家,获得奖励150金币')
,	(6, 6, 10, 100, 0, '竞技场第六到十名奖励', '恭喜你在本期竞技场排名第六到十之间,获得奖励100金币')
,	(7, 11, 100, 60, 0, '竞技场奖励', '本期竞技场你的排名在第十一到一百之间,获得奖励60金币')
,	(8, 101, 300, 50, 0, '竞技场奖励', '获得奖励50金币')
,	(9, 301, 500, 40, 0, '竞技场奖励', '获得奖励40金币')
,	(10, 501, 750, 30, 0, '竞技场奖励', '获得奖励30金币')
,	(11, 751, 1000, 20, 0, '竞技场奖励', '获得奖励20金币')
,	(12, 1001, 0, 10, 0, '竞技场奖励', '获得奖励10金币')
;


INSERT INTO design_gift VALUES
	(1, 8, 1, 100, 0, '')
,	(2, 0, 1, 0, 100, '')
,	(3, 0, 1, 0, 0, '1')
,	(4, 0, 2, 0, 100, '')
,	(5, 0, 2, 0, 0, '2 3')
,	(6, 0, 3, 500, 0, '')
,	(7, 0, 3, 0, 50, '')
,	(8, 0, 4, 100, 10, '1 4');
INSERT INTO design_rate_card VALUES
	(1, 30, '11 15')
,	(1, 50, '27 47 25')
,	(2, 80, '66 61')
,	(3, 50, '11')
,	(4, 50, '61')
,	(4, 10, '27, 47')
,	(4, 40, '15 11');


INSERT INTO design_fight_schedule VALUES
	(8, '00:00', '00:00')		-- GAME_SOLO_GOLD
,	(9, '8:00', '19:00')		-- GAME_VS_GOLD
,	(10, '8:00', '20:00')		-- GAME_VS_CRYSTAL
,	(11, '00:00', '00:00')		-- GAME_SOLO_FREE
,	(12, '00:00', '00:00')		-- GAME_VS_FREE
;

--	gate_id,title,gold,crystal,exp,focus_card,power,gate_info
INSERT INTO design_gate VALUES
	(1, 'gate1', 10, 0, 10, 0, 1, '6 51 6 51 6 51')
,	(2, 'gate2', 10, 0, 10, 0, 1, '6 51 6 47 6 51')
,	(3, 'gate3', 10, 0, 10, 0, 1, '6 27 6 25 6 27')
,	(4, 'gate4', 10, 0, 10, 0, 1, '6 47 6 47 6 47 10 44 10 51 10 44')
,	(5, 'gate5', 10, 0, 10, 0, 1, '6 47 6 51 6 47 10 43 10 43')

,	(6, 'gate6', 10, 0, 10, 0, 2, '6 47 6 51 6 47 10 52 10 52 10 52')
,	(7, 'gate7', 10, 0, 10, 0, 2, '6 25 6 27 6 25 10 26 10 27 10 26 14 27 14 32 14 26 14 26')
,	(8, 'gate8', 10, 0, 10, 0, 2, '6 27 6 22 6 27 10 26 10 21 10 26 14 27 14 21 14 27 14 21 14 21')
,	(9, 'gate9', 10, 0, 10, 0, 2, '6 27 6 25 6 27 6 25 10 22 10 27 10 22 10 27 14 27 14 21 14 32 14 21 14 27')
,	(10, 'gate10', 10, 0, 10, 0, 2, '8 44 8 44 8 44 8 44 12 51 12 51 12 41 12 41 12 41 16 51 16 51 16 43 16 43 16 46')

,	(11, 'gate11', 10, 0, 10, 0, 3, '8 22 8 22 8 22 8 22 12 27 12 27 12 26 12 26 12 21 16 27 16 27 16 26 16 26 16 28')
,	(12, 'gate12', 10, 0, 10, 0, 3, '8 51 8 51 8 54 8 54 8 54 12 43 12 43 12 42 12 42')
,	(13, 'gate13', 10, 0, 10, 0, 3, '8 22 8 22 8 22 8 27 8 27 14 27 14 27 14 21 14 21 14 32 18 27 18 27 18 37 18 37 18 32')
;

INSERT INTO design_gate_msg VALUES
	(1, 6, 51, 'gate1')
,	(2, 6, 51, 'gate2')
,	(4, 6, 51, 'gate4_round6')
,	(4, 10, 51, 'gate4_round10')
;

INSERT INTO design_tower_reward VALUES 
	(1, 1, 1, 8750)
,	(2, 2, 2, 7500)
,	(3, 3, 3, 6250)
,	(4, 4, 4, 5000)
,	(5, 5, 5, 3750)
,	(6, 6, 10, 2500)
,	(7, 11, 100, 1500)
,	(8, 101, 300, 1250)
,	(9, 301, 500, 1000)
,	(10, 501, 750, 750)
,	(11, 751, 1000, 500)
,	(12, 1001, 0, 250)
;



INSERT INTO design_card_chapter VALUES
	(25, 'chapter1-1', 1, 1)
,	(25, 'chapter1-3', 1, 3)
,	(25, 'chapter2-2', 2, 2)
,	(26, 'chapter1-2', 1, 2)
,	(26, 'chapter2-1', 2, 1)
,	(26, 'chapter2-4', 2, 4)
,	(27, 'chapter1-3', 1, 3)
,	(27, 'chapter2-3', 2, 3)
;

INSERT INTO design_piece_shop VALUES
	(1, 	1, 3, 500, 0, 1, 1)
,	(2, 	2, 1, 1000, 0, 1000, 1)
,	(3, 	3, 1, 0, 1000, 80, 1)
,	(4, 	4, 1, 1000, 0, 20, 1)
,	(5, 	5, 3, 300, 0, 30, 1)
,	(6, 	6, 1, 0, 1000, 1, 1)
,	(7, 	7, 1, 1000, 0, 20, 2)
,	(8, 	8, 3, 300, 0, 30, 2)
,	(9, 	9, 2, 800, 0, 40, 2)
,	(10, 	10, 5, 900, 0, 70, 2)
,	(11, 	11, 2, 400, 0, 5, 2)
,	(12, 	12, 1, 300, 0, 1, 2)
,	(13, 	13, 1, 1000, 0, 20, 0)
,	(14, 	14, 3, 300, 0, 30, 0)
,	(15, 	15, 2, 800, 0, 40, 0)
,	(16, 	16, 5, 900, 0, 70, 0)
,	(17, 	17, 2, 400, 0, 5, 0)
,	(18, 	18, 1, 300, 0, 1, 0)
;

-- id, ai_hero, ai_alias, solo_type, max_ally, ai_hp, ai_deck, type_list
-- my_hero, my_hp, my_deck, start_side
-- target1, p11, p12, target2, p21, p22, target3, p31, p32
INSERT INTO design_solo VALUES
    (1, 1, 'solo11', 1, 0, 1, '22 23 26 30 30', '10000'
	, 1, 0, '22 25 26 22 26 26 26 26', 1
	, 1, 99, 1		, 7, 25, 1		, 7, 25, 10)

,   (2, 1, 'solo12', 0, 0, 1, '22 23 26 30 30', ''
	, 0, 15, '', 1
	, 1, 99, 1		, 7, 25, 1		, 7, 25, 10)

,   (3, 1, 'solo3', 0, 0, 0, '22 26 26 26 26 26 22 26 26 22 26 26 22 26 26 26 26 22', '100000100100100001'
	, 1, 5, '22', 2
	, 1, 1, 99		, 2, 1, 99		, 3, 1, 99)
,   (4, 1, 'solo4', 0, 0, 0, '22 26 26 26 26 26 22 26 26 22 26 26 22 26 26 26 26 22', '100000100100100001'
	, 0, 10, '', 0
	, 1, 1, 99		, 2, 1, 99		, 3, 1, 99)
,   (5, 1, 'solo5', 0, 0, 0, '22 26 26 26 26 26 22 26 26 22 26 26 22 26 26 26 26 22', '100000100100100001'
	, 0, 0, '', 0
	, 1, 1, 99		, 2, 1, 99		, 3, 1, 99)
,   (6, 1, 'solo6', 0, 0, 0, '22 26 26 26 26 26 22 26 26 22 26 26 22 26 26 26 26 22', '100000100100100001'
	, 0, 0, '', 0
	, 1, 1, 99		, 2, 1, 99		, 3, 1, 99)
,   (7, 1, 'solo7', 0, 0, 0, '22 26 26 26 26 26 22 26 26 22 26 26 22 26 26 26 26 22', '100000100100100001'
	, 0, 0, '', 0
	, 1, 1, 99		, 2, 1, 99		, 3, 1, 99)
,   (8, 1, 'solo8', 1, 0, 0, '22 26 26 26 26 26 22 26 26 22 26 26 22 26 26 26 26 22', '100000100100100001'
	, 0, 0, '', 0
	, 1, 1, 99		, 2, 1, 99		, 3, 1, 99)
,   (9, 1, 'solo9', 0, 0, 0, '22 26 26 26 26 26 22 26 26 22 26 26 22 26 26 26 26 22', '100000100100100001'
	, 0, 0, '', 0
	, 1, 1, 99		, 2, 1, 99		, 3, 1, 99)
,   (10, 1, 'solo10', 0, 0, 0, '22 26 26 26 26 26 22 26 26 22 26 26 22 26 26 26 26 22', '100000100100100001'
	, 0, 0, '', 0
	, 1, 1, 99		, 2, 1, 99		, 3, 1, 99)
,   (11, 1, 'solo11', 0, 0, 0, '22 26 26 26 26 26 22 26 26 22 26 26 22 26 26 26 26 22', '100000100100100001'
	, 0, 0, '', 0
	, 1, 1, 99		, 2, 1, 99		, 3, 1, 99)
,   (12, 1, 'solo12', 0, 0, 0, '22 26 26 26 26 26 22 26 26 22 26 26 22 26 26 26 26 22', '100000100100100001'
	, 0, 0, '', 0
	, 1, 1, 99		, 2, 1, 99		, 3, 1, 99)
,   (13, 1, 'solo13', 0, 0, 0, '22 26 26 26 26 26 22 26 26 22 26 26 22 26 26 26 26 22', '100000100100100001'
	, 0, 0, '', 0
	, 1, 1, 99		, 2, 1, 99		, 3, 1, 99)
,   (101, 8, 'solo101', 1, 0, 0, '22 26 26 23 23', '10010'
	, 1, 0, '23 30 30 22 22 22', 1
	, 1, 1, 99		, 2, 1, 99		, 3, 1, 99)
;

INSERT INTO design_robot VALUES
    (1, 0, 1, 10, 1000, 1, 10, 5, 'robot1', '22 26 26 26 26 26 22 26 26 22 26 26 22 26 26 26 26 22')
,   (2, 0, 3, 15, 1000, 2, 20, 6, 'robot2', '22 26 26 26 26 26 22 26 26 22 26 26 22 26 26 26 26 22')
,   (1, 1, 3, 15, 1000, 2, 25, 7, 'fake1', '22 26 26 26 26 26 22 26 26 22 26 26 22 26 26 26 26 22')
,   (2, 1, 3, 15, 1000, 2, 30, 8, 'fake2', '22 26 26 26 26 26 22 26 26 22 26 26 22 26 26 26 26 22')
;

INSERT INTO design_chapter VALUES
--  chapter_id, stage_id, chapter_name, stage_name, stage_msg
	(1, 1, 'chapter1', 'stage1', 'c1s1'
	, '1', 0, 6, '0'
-- reward1, r1_count, r1_weight,   reward2, r2_count, r2_weight ... r4 ...
	, 1, 1, 10		, 2, 1, 10		, 3, 80, 80		, 5, 2000, 0)
,	(1, 2, 'chapter1', 'stage2', 'c1s2'
	, '2', 0, 6, '0'
	, 1, 1, 20		, 2, 1, 30		,3, 25, 40		, 0, 0, 0)
,	(1, 3, 'chapter1', 'stage3', 'c1s3'
	, '3', 0, 6, '22'
	, 1, 1, 20, 2, 1, 30, 3, 1, 40, 4, 1, 50)
,	(2, 1, 'chapter2', 'stage1', 'c2s1'
	, '4', 0, 6, '22'
	, 1, 1, 20, 2, 1, 30, 3, 1, 40, 4, 1, 50)
,	(2, 2, 'chapter2', 'stage2', 'c2s2'
	, '9 10', 0, 6, '22 23'
	, 1, 1, 20, 2, 1, 30, 3, 1, 40, 4, 1, 50)
,	(2, 3, 'chapter2', 'stage3', 'c2s3'
	, '11 12', 0, 6, '22 23'
	, 1, 1, 20, 2, 1, 30, 3, 1, 40, 4, 1, 50)
,	(2, 4, 'chapter2', 'stage4', 'c2s4'
	, '10 11 12', 0, 6, '22 23'
	, 1, 1, 20, 2, 1, 30, 3, 1, 40, 4, 1, 50)

/*
-- bug case
,	(4, 1, 'chapter4', 'stage1', 'c4s1'
	, '4', 0, 6
	, 1, 1, 20, 2, 1, 30, 3, 1, 40, 4, 1, 50)

,	(2, 7, 'chapter2', 'stage7', 'c2s7'
	, '4', 0, 6
	, 1, 1, 20, 2, 1, 30, 3, 1, 40, 4, 1, 50)
*/
;

INSERT INTO design_hero VALUES
	(1, 10, 5)
,	(2, 10, 5)
,	(3, 8, 5)
,	(4, 8, 5)
,	(5, 6, 5)
,	(6, 6, 5)
,	(7, 6, 5)
,	(8, 6, 5)
,	(9, 7, 5)
,	(10, 7, 5)
,	(11, 10, 5)
,	(12, 10, 5)
,	(13, 8, 5)
,	(14, 8, 5)
,	(15, 6, 5)
,	(16, 6, 5)
;

INSERT INTO design_hero_mission VALUES
	(1, 1, 0, 1, 1, 1, 1, 1, 0, 'h1_mission1')
,	(1, 2, 1, 1, 1, 1, 1, 2, 0, 'h1_mission2')
,	(1, 3, 1, 1, 1, 1, 4, 2, 0, 'h1_mission3')
,	(2, 1, 0, 1, 1, 1, 2, 1, 0, 'h2_mission1')
,	(2, 2, 1, 1, 1, 1, 2, 3, 0, 'h2_mission2')
,	(2, 3, 1, 1, 1, 1, 2, 5, 0, 'h2_mission3')
,	(3, 1, 0, 1, 1, 1, 2, 2, 0, 'h3_mission1')
,	(3, 2, 1, 1, 1, 1, 2, 3, 0, 'h3_mission2')
,	(3, 3, 1, 1, 1, 1, 2, 4, 0, 'h3_mission3')
,	(5, 1, 0, 1, 1, 1, 2, 1, 0, 'h5_mission1')
,	(5, 2, 1, 1, 1, 1, 2, 2, 0, 'h5_mission2')
,	(5, 3, 1, 1, 1, 1, 2, 3, 0, 'h5_mission3')
;

INSERT INTO design_achievement VALUES
-- aid, name, msg
-- pre, atype, p1, p2, p3
-- gold, crystal, card, piece
	(1, "achi1", "achi1_msg"
	, 0, 1, 1, 0, ""
	, 10, 0, "", "")
,	(2, "achi2", "achi2_msg"
	, 1, 1, 2, 0, ""
	, 10, 0, "", "")
,	(3, "achi3", "achi3_msg"
	, 2, 1, 3, 0, ""
	, 10, 0, "", "")

,	(4, "achi4", "achi4_msg"
	, 0, 2, 0, 0, "1111111111000000000000000000000000000000000000000000000000000000000000000000000000000000000000000000000000000000000000000000000000000000000000000000000000000000000000000000000000000000000000000000000000000000000000000000000000000000000000000000000000000000000000000000000000000000000000000000000000000000000000000000000000000000000000000000000000000000000000000000000000000000000000000000000000000000"
	, 10, 0, "", "")
,	(5, "achi5", "achi5_msg"
	, 4, 2, 0, 0, "0000000000111111000000000000000000000000000000000000000000000000000000000000000000000000000000000000000000000000000000000000000000000000000000000000000000000000000000000000000000000000000000000000000000000000000000000000000000000000000000000000000000000000000000000000000000000000000000000000000000000000000000000000000000000000000000000000000000000000000000000000000000000000000000000000000000000000"
	, 10, 0, "", "")

,	(6, "achi6", "achi6_msg"
	, 0, 3, 1, 1, ""
	, 10, 0, "", "")
,	(7, "achi7", "achi7_msg"
	, 6, 3, 2, 1, ""
	, 10, 0, "", "")

,	(8, "achi8", "achi8_msg"
	, 0, 4, 1, 0, ""
	, 10, 0, "", "")
,	(9, "achi9", "achi9_msg"
	, 8, 4, 2, 0, ""
	, 10, 0, "", "")

;


INSERT INTO design_daily_login VALUES
	(1, 1, 3000, 0, "36", "")
,	(1, 2, 5000, 0, "", "")
,	(2, 1, 1500, 50, "", "39 2")
,	(3, 1, 1000, 0, "21", "")
,	(4, 1, 0, 80, "", "32 5")
,	(5, 1, 0, 0, "31", "")
,	(6, 1, 0, 0, "", "32 5 39 3")
,	(7, 1, 0, 0, "165", "")
,	(7, 2, 0, 0, "", "40 2")
;

INSERT INTO design_quick_reward VALUES
	(1, 1, 100, 1)
,	(1, 1, 200, 2)
,	(1, 2, 300, 3)
,	(1, 2, 400, 4)
,	(2, 1, 5, 10)
,	(2, 1, 10, 20)
,	(2, 2, 15, 30)
,	(2, 2, 20, 40)
;

INSERT INTO design_chapter_dialog VALUES
	(1, 1, 'enemy:5:1:up_dialog_1_1 hero:1:0:down_dialog1_1')
,	(1, 2, 'enemy:5:1:up_dialog_1_2 hero:1:0:down_dialog1_2')
,	(2, 1, 'enemy:5:1:up_dialog_2_1')
,	(2, 2, 'enemy:5:1:up_dialog_2_2 hero:1:0:down_dialog2_2')
,	(2, 3, ' ')
;
